Time,Baseline,IndexFund,MovingAverage,MovingAverageWithSentiment,SelectionBySentiment,SelectionBySentiment(AllStocks),SelectionBySentiment(OneStock)
"2014-01-02T08:00:00Z",1100000,1099994.000000,1100000,1100000,1100000,1100000,1100000
"2014-01-03T08:00:00Z",1099988.00,1092467.235720,1099970.000000,1099970.000000,1099994.00,1099994.00,1099994.00
"2014-01-06T08:00:00Z",1102408.966366,1091931.794030,1104489.503987,1104489.503987,1138793.300000,1138787.300000,1138805.300000
"2014-01-07T08:00:00Z",1114121.741817,1089789.735720,1111026.753987,1111026.753987,1115157.820925,1164224.382555,1207430.642778
"2014-01-08T08:00:00Z",1144351.416366,1095257.823205,1143635.338791,1143635.338791,1221730.920925,1275489.402555,1181170.742778
"2014-01-09T08:00:00Z",1153995.190464,1095912.308925,1155972.585719,1155984.585719,1269848.649205,1325719.582079,1202690.124802
"2014-01-10T08:00:00Z",1141760.992377,1096543.044030,1138835.646400,1141592.723987,1252028.344307,1317527.847162,1215165.616196
"2014-01-13T08:00:00Z",1145404.603835,1097257.014875,1136176.025211,1141258.642255,1250899.817703,1272838.675620,1217583.948600
"2014-01-14T08:00:00Z",1138157.922227,1085416.500000,1123995.055521,1127677.515280,1243302.275391,1266233.560779,1236659.995630
"2014-01-15T08:00:00Z",1168301.948935,1096816.720825,1129758.555521,1151777.459790,1255394.619721,1278549.135928,1248939.123822
"2014-01-16T08:00:00Z",1171377.999708,1101261.352975,1149506.142937,1171684.430051,1275718.395851,1299242.251617,1250148.196334
"2014-01-17T08:00:00Z",1178383.014692,1099024.147025,1142457.417649,1164943.221037,1286196.243277,1306509.709933,1291591.196334
"2014-01-21T08:00:00Z",1171902.439687,1097132.088080,1135103.132753,1157337.501029,1289655.726951,1294319.058489,1267023.583546
"2014-01-22T08:00:00Z",1181229.676020,1099309.735720,1146928.706631,1170635.377279,1335995.273457,1353046.497849,1290244.256334
"2014-01-23T08:00:00Z",1186577.162237,1097869.882130,1136657.376076,1176883.336861,1295891.771662,1320522.303346,1260655.167156
"2014-01-24T08:00:00Z",1188392.318055,1088748.485720,1138054.124450,1178912.209906,1297823.060291,1322478.992525,1260038.711745
"2014-01-27T08:00:00Z",1173043.139633,1067370.176180,1126619.939055,1162775.947260,1305571.175427,1295306.113514,1244615.711745
"2014-01-28T08:00:00Z",1152669.454325,1062592.308925,1126435.871591,1150743.742806,1246127.235457,1241808.948654,1151160.496269
"2014-01-29T08:00:00Z",1190033.025203,1066846.573205,1153693.260388,1185178.084433,1378178.625457,1373396.828654,1188638.256269
"2014-01-30T08:00:00Z",1187241.570148,1059123.485105,1148918.062212,1181365.879849,1370321.308504,1370983.401036,1206932.235929
"2014-01-31T08:00:00Z",1184881.555612,1067280.911900,1136691.550830,1167223.568683,1371158.848504,1371821.351036,1207674.485929
"2014-02-03T08:00:00Z",1199142.962908,1062401.941055,1146545.038611,1181684.591676,1434769.803458,1435462.506030,1305682.075577
"2014-02-04T08:00:00Z",1185114.239430,1039280.176795,1131038.836421,1164029.188237,1401568.013595,1402244.226163,1280294.593478
"2014-02-05T08:00:00Z",1200741.366627,1044968.411900,1130673.324419,1165142.554054,1408149.163347,1408828.955911,1309023.241379
"2014-02-06T08:00:00Z",1192268.357002,1044736.352975,1122686.675986,1157379.218005,1399807.907615,1400483.490221,1308240.028053
"2014-02-07T08:00:00Z",1197377.664282,1058433.264875,1123890.687498,1160828.237403,1415700.824578,1416383.547184,1315278.358053
"2014-02-10T08:00:00Z",1239067.104581,1070446.279770,1165405.444263,1172404.348384,1458959.791813,1459659.794416,1375792.145319
"2014-02-11T08:00:00Z",1262418.156282,1072975.029770,1188067.451188,1195285.966070,1495924.717781,1496642.220366,1364024.281131
"2014-02-12T08:00:00Z",1264134.137297,1084678.705950,1184829.004033,1193873.697538,1502834.146059,1503545.318626,1389045.558339
"2014-02-13T08:00:00Z",1242212.046356,1081525.176795,1174445.505172,1181261.774456,1455968.195067,1473287.488257,1378287.917855
"2014-02-14T08:00:00Z",1261873.810158,1089640.985720,1201324.369462,1206440.418168,1497162.855067,1505179.753607,1407335.657855
"2014-02-18T08:00:00Z",1256397.724606,1095930.176180,1198668.854029,1200983.110090,1498670.649746,1495565.405959,1416480.514171
"2014-02-19T08:00:00Z",1263738.398694,1095852.823205,1207482.087611,1209915.646521,1525166.754666,1508235.565397,1446382.013335
"2014-02-20T08:00:00Z",1253426.275493,1090105.102975,1200579.744902,1206308.673214,1533736.669560,1498180.645945,1461038.293335
"2014-02-21T08:00:00Z",1256749.481174,1097143.926795,1211183.829007,1216445.358136,1534976.234284,1501336.991789,1475865.803999
"2014-02-24T08:00:00Z",1257397.990687,1094591.426180,1213488.431527,1216931.177822,1528509.920524,1495004.076557,1449163.131419
"2014-02-25T08:00:00Z",1291153.697950,1101065.029155,1244735.360819,1260186.305412,1538952.435172,1552187.396445,1466408.220339
"2014-02-26T08:00:00Z",1309596.084003,1099952.382130,1263635.184785,1280037.980529,1614445.992090,1609383.310400,1491212.330339
"2014-02-27T08:00:00Z",1305966.031290,1099422.823205,1257659.102342,1274817.378429,1624929.025688,1605409.466571,1484103.912598
"2014-02-28T08:00:00Z",1313991.015440,1105503.705950,1263837.886624,1281964.323783,1599705.476892,1619951.832377,1418203.878518
"2014-03-03T08:00:00Z",1286661.570093,1107026.941055,1238333.731003,1253585.765778,1566983.545284,1577540.084980,1409490.266151
"2014-03-04T08:00:00Z",1398522.433166,1101999.147025,1343928.405823,1355880.509750,1852145.487827,1828113.946144,1407167.636151
"2014-03-05T08:00:00Z",1421875.432323,1116767.088080,1365786.179811,1377129.021765,1874603.139963,1850268.108510,1414312.076547
"2014-03-06T08:00:00Z",1408761.082731,1116844.441055,1356543.484987,1366104.811557,1879853.660251,1837126.865988,1419279.894536
"2014-03-07T08:00:00Z",1411909.614467,1119426.720825,1361732.986282,1365565.166908,1844763.903409,1814270.682495,1384989.320428
"2014-03-10T08:00:00Z",1488073.605984,1119034.000000,1436707.903766,1425039.657128,1819287.626760,1779537.643816,1377860.220856
"2014-03-11T08:00:00Z",1567405.223827,1119272.014875,1514169.060418,1489151.121268,1762532.227106,1764939.346823,1346374.320856
"2014-03-12T08:00:00Z",1323350.139226,1112066.573205,1290570.887875,1280816.187828,1669434.726941,1671694.446757,1331217.076576
"2014-03-13T08:00:00Z",1409315.338314,1113798.044030,1293954.662088,1301851.254655,1711169.847132,1702431.919540,1346301.693350
"2014-03-14T08:00:00Z",1385333.915246,1099523.926795,1286761.788644,1288305.424621,1651484.347132,1643040.419540,1299352.693350
"2014-03-17T08:00:00Z",1386877.367954,1098179.294030,1286761.788644,1301926.233573,1632871.554282,1668523.987261,1281970.430226
"2014-03-18T08:00:00Z",1380585.458039,1107764.735105,1286749.788644,1319518.178067,1652655.640864,1689746.249757,1274870.543978
"2014-03-19T08:00:00Z",1387303.144727,1115696.058925,1278048.923238,1310372.755383,1677472.895512,1720034.843321,1298745.754738
"2014-03-20T08:00:00Z",1386424.491757,1108460.838695,1267106.449148,1300221.791549,1658379.875512,1700457.323321,1227894.454738
"2014-03-21T08:00:00Z",1385537.146744,1117052.676180,1265200.012561,1304175.218465,1619143.317205,1660225.727087,1198848.755225
"2014-03-24T08:00:00Z",1380725.307053,1112970.985105,1262963.154224,1302780.087846,1597527.482037,1646736.767552,1192801.128481
"2014-03-25T08:00:00Z",1369831.633308,1108097.897025,1255744.457052,1295265.608904,1577390.545367,1625980.692524,1184242.568481
"2014-03-26T08:00:00Z",1359858.713414,1112625.838695,1253949.483457,1287570.214317,1591847.871451,1628263.814959,1202498.937414
"2014-03-27T08:00:00Z",1328788.867019,1103712.750000,1213955.220712,1243167.055157,1514134.942048,1561218.361006,1188198.904414
"2014-03-28T08:00:00Z",1334227.187892,1102498.926795,1221991.618333,1254678.957425,1527633.989906,1574443.245502,1184446.875814
"2014-03-31T08:00:00Z",1333416.166790,1107907.529155,1228836.154738,1261424.622065,1504961.053379,1551075.546934,1173621.816505
"2014-04-01T08:00:00Z",1330346.850238,1116713.485720,1226335.145836,1263930.931590,1362599.953379,1404352.326934,1062603.636505
"2014-04-02T08:00:00Z",1423668.555976,1124240.250000,1244317.836002,1283205.630757,2626878.103379,2707364.256934,2048538.806505
"2014-04-03T08:00:00Z",1429469.797015,1127108.191055,1250314.158902,1283022.053306,2642897.320183,2712668.344466,2055916.970429
"2014-04-04T08:00:00Z",1419832.156669,1126406.058925,1241225.126613,1274486.115940,2635378.694942,2704951.819615,2051082.763392
"2014-04-07T08:00:00Z",1380721.757456,1110739.735105,1186448.768828,1247649.175977,2489860.044586,2555590.827399,1969204.399112
"2014-04-08T08:00:00Z",1380017.270860,1099767.897025,1194959.998828,1248198.346329,2530869.364586,2597683.447399,1948409.599112
"2014-04-09T08:00:00Z",1398231.610541,1104028.117850,1200699.148828,1255946.655758,2534460.468815,2601368.300412,1938951.578641
"2014-04-10T08:00:00Z",1417164.082346,1115713.926180,1212147.598828,1270162.153642,2660891.986631,2731140.829764,1968760.027657
"2014-04-11T08:00:00Z",1383096.757209,1090944.073205,1178943.906688,1237876.171985,2563433.006631,2631103.409764,1896652.627657
"2014-04-14T08:00:00Z",1389887.990847,1083524.441055,1171944.076688,1238979.605180,2590220.358485,2655689.643696,1904866.835179
"2014-04-15T08:00:00Z",1384175.721945,1091420.029770,1170080.976688,1228475.287433,2539140.810037,2603319.165793,1879494.866879
"2014-04-16T08:00:00Z",1377857.606273,1100083.264875,1162858.146688,1228854.267433,2446478.520037,2508315.435793,1810906.916879
"2014-04-17T08:00:00Z",1380683.828262,1109436.647025,1162852.146688,1229528.187433,2470426.576246,2532863.582159,1834886.046071
"2014-04-21T08:00:00Z",1387776.723392,1111852.382130,1163116.545143,1229215.787433,2466468.801320,2539027.596673,1840413.776458
"2014-04-22T08:00:00Z",1395533.312889,1115886.426795,1150473.424580,1233011.953081,2532918.236321,2599444.644211,1848199.807232
"2014-04-23T08:00:00Z",1407604.250572,1119902.676795,1156368.687414,1239747.220156,2578125.155559,2591054.684608,1850823.415670
"2014-04-24T08:00:00Z",1413321.732606,1121479.441670,1164079.284157,1240756.838627,2622271.496395,2615976.080659,1987758.119168
"2014-04-25T08:00:00Z",1400260.241403,1118950.691670,1138811.530643,1230554.649664,2547079.318833,2540964.953067,1904676.648026
"2014-04-28T08:00:00Z",1398879.611878,1111382.308925,1132373.966030,1229839.073594,2534983.858833,2528886.473067,1895637.768026
"2014-04-29T08:00:00Z",1400329.653066,1114821.426180,1130054.287161,1233215.731040,2539258.850470,2523519.578725,1964928.135374
"2014-04-30T08:00:00Z",1406891.995998,1118581.794645,1138471.735931,1235139.818864,2563261.002608,2547372.750850,1961276.238683
"2014-05-01T08:00:00Z",1413309.650577,1122919.367850,1145992.932109,1242286.864310,2623413.402608,2607152.100850,2007303.438683
"2014-05-02T08:00:00Z",1413978.324932,1123460.838080,1147414.496924,1243873.018420,2628010.049496,2611714.337634,2022024.837455
"2014-05-05T08:00:00Z",1404436.234073,1119980.029770,1137543.215712,1235971.047418,2577152.229496,2571371.230940,1956482.977455
"2014-05-06T08:00:00Z",1420485.039233,1122502.823820,1150816.368948,1249042.849740,2615216.820496,2624456.458453,2022964.750845
"2014-05-07T08:00:00Z",1396426.619515,1113482.676180,1132087.629606,1229419.009730,2493981.170496,2544087.307001,1949638.210845
"2014-05-08T08:00:00Z",1354932.179640,1118754.367850,1107096.185999,1190095.658304,2463732.383801,2513231.860573,1926701.210845
"2014-05-09T08:00:00Z",1347559.809842,1117492.970825,1103342.699064,1180246.581754,2495193.002647,2545325.119797,1988083.350845
"2014-05-12T08:00:00Z",1358291.772378,1120325.176180,1105846.623873,1187941.940954,2542070.321797,2593144.680537,2023892.396975
"2014-05-13T08:00:00Z",1365658.489012,1130273.558925,1107142.301868,1189516.128744,2576198.127511,2627958.494961,2037171.849785
"2014-05-14T08:00:00Z",1365167.605914,1130499.661900,1093485.709303,1191192.734252,2629166.521523,2681991.500257,2034882.141021
"2014-05-15T08:00:00Z",1374881.319439,1125162.529155,1100340.734383,1197532.247010,2643479.927609,2696593.306063,2045962.200252
"2014-05-16T08:00:00Z",1359590.087251,1115065.323820,1093495.999026,1184965.704240,2603792.665487,2656108.885909,2002725.750252
"2014-05-19T08:00:00Z",1363174.094921,1118320.029155,1095101.493534,1189004.874555,2630800.993703,2683665.773901,2034080.271900
"2014-05-20T08:00:00Z",1380713.908228,1123210.911900,1109835.791799,1206769.050410,2703421.288057,2757739.547939,2067586.982304
"2014-05-21T08:00:00Z",1382035.865344,1116344.588695,1110041.722559,1207211.181639,2679580.271836,2759405.351485,2065249.331004
"2014-05-22T08:00:00Z",1389206.860183,1125180.323820,1116781.236501,1217525.197221,2737361.616377,2789146.714008,2074640.753929
"2014-05-23T08:00:00Z",1393223.751534,1128232.676795,1111597.307935,1212733.466573,2743437.229031,2795337.386900,2076851.760769
"2014-05-27T08:00:00Z",1402579.882853,1133403.264875,1118897.971719,1211806.329612,2797664.373674,2850590.531253,2136666.660769
"2014-05-28T08:00:00Z",1410564.767605,1139210.470825,1123529.525351,1219494.603476,2853931.011562,2907911.038917,2198027.640769
"2014-05-29T08:00:00Z",1415589.641301,1138514.294645,1121855.506817,1220575.304156,2857008.043139,2906048.982674,2197747.794759
"2014-05-30T08:00:00Z",1431051.449336,1144303.632745,1137443.646688,1229319.663141,2930093.632659,2980377.151329,2337445.754759
"2014-06-02T08:00:00Z",1438063.596649,1146409.955950,1138186.212270,1229730.468791,2947387.068491,3001325.697691,2324582.590514
"2014-06-03T08:00:00Z",1427936.931207,1145933.926795,1121207.491650,1215499.194118,2919087.490925,2976214.559707,2323153.254759
"2014-06-04T08:00:00Z",1446584.848477,1145928.044030,1152449.001219,1258933.560523,3034680.280720,3094069.631257,2351440.547684
"2014-06-05T08:00:00Z",1483443.061922,1149176.720825,1180664.433665,1288791.932288,3173114.225352,3235199.875006,2383747.379740
"2014-06-06T08:00:00Z",1462951.313523,1157441.279155,1169601.126336,1275511.424625,3108548.351986,3191026.885033,2397380.998180
"2014-06-09T08:00:00Z",1473687.401276,1161344.441670,1166142.901915,1271334.541158,3091978.741039,3161902.192913,2255069.848180
"2014-06-10T08:00:00Z",1479398.209810,1162159.588695,1168333.294693,1277157.890586,3087218.103241,3184259.487059,2196598.188180
"2014-06-11T08:00:00Z",1469366.024100,1161582.455950,1149484.351633,1253424.990886,3033147.679201,3164688.662815,2162859.128180
"2014-06-12T08:00:00Z",1480178.312536,1158000.544645,1148124.509377,1250933.855762,3287130.199201,3429687.182815,2343972.608180
"2014-06-13T08:00:00Z",1463084.405938,1150533.338080,1138916.061009,1231094.943984,3260801.420949,3402216.570301,2334690.530024
"2014-06-16T08:00:00Z",1462366.894137,1152937.088695,1141329.586745,1238860.997176,3265936.900949,3407575.810301,2338372.650024
"2014-06-17T08:00:00Z",1466233.104838,1154311.573205,1157151.190101,1243702.254888,3356099.990609,3513114.986986,2334324.550024
"2014-06-18T08:00:00Z",1466582.356496,1157631.647025,1161459.558620,1253594.071710,3426965.641324,3597686.608673,2308867.205449
"2014-06-19T08:00:00Z",1470759.437251,1166419.808925,1196274.127584,1252061.731356,3461747.790844,3624808.466628,2309355.745537
"2014-06-20T08:00:00Z",1461469.669443,1168175.029770,1170022.936082,1240664.819492,3406580.826088,3567037.103534,2274065.745537
"2014-06-23T08:00:00Z",1461147.887586,1169644.735105,1165582.071316,1233779.834268,3323648.073703,3502470.965463,2121668.785537
"2014-06-24T08:00:00Z",1482423.715795,1169079.441670,1171309.139198,1249406.872740,3433923.810927,3620799.223614,2155974.258523
"2014-06-25T08:00:00Z",1451698.488896,1161522.970825,1147391.842578,1224639.176668,3405823.855680,3550767.359966,2163231.211509
"2014-06-26T08:00:00Z",1456144.483328,1167841.867850,1154505.399148,1238191.746519,3491552.811058,3617791.602896,2243045.265537
"2014-06-27T08:00:00Z",1454603.809133,1165860.544030,1151517.227758,1234038.065338,3478474.518714,3598433.902245,2235809.628207
"2014-06-30T08:00:00Z",1485006.085919,1168377.382130,1167272.918018,1259617.805799,3497959.267230,3632173.967168,2252929.136628
"2014-07-01T08:00:00Z",1479925.430034,1169269.882130,1173765.463736,1259043.103690,3521409.084503,3656519.732799,2265175.376448
"2014-07-02T08:00:00Z",1483249.173921,1175678.044030,1168149.994097,1250644.075816,3523872.649809,3681263.043463,2273640.871774
"2014-07-03T08:00:00Z",1488407.472732,1177355.911900,1168263.143557,1248993.250646,3648505.927429,3782349.652221,2330779.112318
"2014-07-07T08:00:00Z",1492737.758264,1182318.191670,1171101.497527,1250518.418185,3655762.239328,3791493.170958,2340346.498894
"2014-07-08T08:00:00Z",1487019.590188,1177659.367850,1170208.082851,1241618.224027,3611932.519677,3731849.102248,2307911.725742
"2014-07-09T08:00:00Z",1483225.426714,1170941.794645,1165706.914722,1235995.703209,3600228.786949,3715707.504576,2302983.229154
"2014-07-10T08:00:00Z",1471183.319739,1171875.985105,1157277.493153,1223802.146623,3568575.336374,3689436.433728,2299339.465472
"2014-07-11T08:00:00Z",1480215.339675,1171334.514875,1164531.738567,1236250.494361,3631102.784792,3754081.074120,2344702.798220
"2014-07-14T08:00:00Z",1485960.041154,1173774.000000,1174556.246842,1256006.411512,3844499.542682,3974705.268550,2350768.686350
"2014-07-15T08:00:00Z",1513159.727058,1178236.500000,1193341.090599,1287263.657095,3883301.328948,4014809.957738,2374505.339098
"2014-07-16T08:00:00Z",1504111.423887,1177635.544645,1188599.738306,1273829.835075,3838189.452970,3954219.142456,2357889.798220
"2014-07-17T08:00:00Z",1492589.615106,1179658.558925,1170741.425743,1263588.611007,3710558.752970,3822724.742456,2278755.798220
"2014-07-18T08:00:00Z",1483813.928614,1168823.632130,1170170.919641,1265103.300747,3684251.096715,3796637.740708,2244933.504136
"2014-07-21T08:00:00Z",1524743.881556,1177980.691055,1197941.678616,1308159.443738,3945072.674807,4065415.395691,2264051.863327
"2014-07-22T08:00:00Z",1523569.025700,1177219.073205,1232724.508128,1340986.363531,4238523.501895,4367806.472385,2276549.429724
"2014-07-23T08:00:00Z",1521541.182125,1182972.676795,1221751.524898,1320998.329624,4166981.537389,4381828.677713,2254203.258009
"2014-07-24T08:00:00Z",1543924.419765,1184608.926795,1231409.944563,1316076.107424,4347464.048954,4423972.327628,2580715.748009
"2014-07-25T08:00:00Z",1523156.260816,1182544.294645,1214971.670540,1290330.325544,4238769.268690,4313364.697536,2457812.708009
"2014-07-28T08:00:00Z",1539240.692458,1178766.058925,1227052.102505,1311177.846257,4372367.181185,4449314.399371,2689083.758009
"2014-07-29T08:00:00Z",1562407.416998,1179825.176180,1245833.566288,1328766.852136,4367347.663292,4444195.771868,2614592.898009
"2014-07-30T08:00:00Z",1599893.535442,1175767.235720,1265866.254747,1349827.448308,4778471.233356,4668827.864562,2677034.639949
"2014-07-31T08:00:00Z",1563888.785950,1170965.617850,1241253.414292,1326662.650618,4538168.922113,4541572.178347,2334463.919949
"2014-08-01T08:00:00Z",1538221.555743,1149938.338080,1214880.543402,1298656.538931,4463303.188711,4409650.416296,2284249.919949
"2014-08-04T08:00:00Z",1543955.694262,1148046.205950,1218207.917713,1303937.855570,4505062.431210,4453318.261842,2319620.844019
"2014-08-05T08:00:00Z",1548837.354000,1153829.588695,1221291.465797,1309199.272324,4570062.774418,4517570.355704,2350187.444435
"2014-08-06T08:00:00Z",1544306.286723,1142494.882130,1220866.712444,1306922.368509,4551128.840080,4498853.632327,2331080.444435
"2014-08-07T08:00:00Z",1563466.008213,1145910.176180,1234841.321637,1321654.907349,4711800.407728,4657673.478395,2383306.320863
"2014-08-08T08:00:00Z",1559089.691295,1138365.544645,1233252.767246,1313236.660355,4698199.069753,4644766.910336,2339730.182531
"2014-08-11T08:00:00Z",1567577.269665,1152098.191055,1246026.657020,1318367.600980,4794627.389089,4732686.660021,2364788.278421
"2014-08-12T08:00:00Z",1562140.959814,1153466.647025,1245323.095269,1313964.461672,4727504.483711,4698068.250261,2352865.511848
"2014-08-13T08:00:00Z",1554008.978093,1153389.294645,1223545.825480,1299419.954799,4743525.582036,4724904.144157,2373158.387991
"2014-08-14T08:00:00Z",1559432.678359,1160416.279155,1246037.114014,1320829.889412,4760914.001356,4757954.099363,2402269.967991
"2014-08-15T08:00:00Z",1566492.851216,1167234.955950,1245850.036274,1321737.872440,4806743.651356,4803754.919363,2425394.507991
"2014-08-18T08:00:00Z",1501478.857215,1166931.500000,1246419.138059,1322859.245293,4775442.445892,4772472.573943,2439999.068895
"2014-08-19T08:00:00Z",1503015.565614,1175481.647025,1248114.967799,1324409.192214,4823400.938146,4820394.626185,2464037.090309
"2014-08-20T08:00:00Z",1505038.820132,1180080.985720,1246047.790021,1320525.073632,4865275.306768,4886652.909202,2469307.109120
"2014-08-21T08:00:00Z",1506000.751092,1183865.176795,1257089.342850,1334829.238027,4870977.198643,4892379.710646,2467648.160309
"2014-08-22T08:00:00Z",1505248.786921,1187304.294645,1246649.474430,1320656.901172,4877549.306304,4898980.897989,2516988.727013
"2014-08-25T08:00:00Z",1512270.086468,1186792.602975,1252626.348635,1326222.684247,4904318.081992,4943965.212814,2528060.497013
"2014-08-26T08:00:00Z",1522058.307916,1190868.338695,1258345.096181,1334139.752188,4907667.715336,4991094.131000,2505904.957013
"2014-08-27T08:00:00Z",1515947.455206,1192028.632130,1247114.024047,1330460.021970,4818924.815593,4918116.325821,2514914.096777
"2014-08-28T08:00:00Z",1511175.774224,1190172.235105,1238322.651976,1322559.444608,4798705.607719,4897481.319432,2504362.654418
"2014-08-29T08:00:00Z",1517831.401649,1190785.029770,1245462.556990,1332340.312382,4860208.954141,4949824.674060,2525415.201228
"2014-09-02T08:00:00Z",1519631.449041,1194128.926795,1250861.514540,1325613.657989,4850263.812281,4939696.620690,2549535.357239
"2014-09-03T08:00:00Z",1531908.339345,1193831.426795,1258886.460617,1342071.294439,4983928.518457,5075816.938820,2592654.674377
"2014-09-04T08:00:00Z",1524247.944602,1192700.985105,1249160.415147,1332781.258802,4908094.324012,5009920.976979,2485784.174377
"2014-09-05T08:00:00Z",1518381.916673,1190517.308925,1243863.371914,1327009.579611,4908974.698019,4971696.804568,2484527.000107
"2014-09-08T08:00:00Z",1515262.835732,1195973.485105,1241071.523461,1325287.028710,4866377.431666,4928555.067748,2497088.000107
"2014-09-09T08:00:00Z",1518641.530578,1192141.647025,1243857.065150,1331212.985530,4866702.922456,4951690.964258,2545373.735137
"2014-09-10T08:00:00Z",1511867.145889,1184811.279155,1239772.316408,1326619.407788,4817189.170007,4901312.250367,2528694.616087
"2014-09-11T08:00:00Z",1518395.097901,1187453.044645,1240911.882241,1327880.028520,4823517.225301,4907751.506623,2537379.654664
"2014-09-12T08:00:00Z",1517785.793594,1189767.602975,1240962.470662,1327858.436435,4824193.300083,4908439.584105,2537729.616087
"2014-09-15T08:00:00Z",1508849.666918,1183401.132130,1238785.646938,1318392.047702,4809588.563256,4893574.946112,2577846.391014
"2014-09-16T08:00:00Z",1486481.464976,1180955.691055,1229119.437363,1296995.348416,4654939.494389,4716443.387261,2502364.786379
"2014-09-17T08:00:00Z",1492876.102400,1191290.838080,1227337.969839,1306806.871837,4706749.486277,4768939.260361,2620640.756501
"2014-09-18T08:00:00Z",1495661.738493,1193533.926795,1228449.202098,1308893.040648,4741259.072495,4842155.148145,2637707.654132
"2014-09-19T08:00:00Z",1494251.718996,1199287.602975,1228808.147846,1310870.013294,4757834.139046,4859077.316961,2654075.513389
"2014-09-22T08:00:00Z",1490955.322354,1197109.882745,1225101.680579,1306252.305051,4747083.141524,4843891.463948,2641350.025281
"2014-09-23T08:00:00Z",1479344.680127,1187411.426180,1213748.920344,1300319.626644,4567115.088829,4711680.824181,2618355.083887
"2014-09-24T08:00:00Z",1485529.172445,1181794.588695,1219542.664648,1306363.523195,4623226.983591,4769570.356880,2656850.808892
"2014-09-25T08:00:00Z",1489464.237585,1190112.676795,1220322.659700,1309039.058607,4646906.004415,4793992.205830,2613928.856880
"2014-09-26T08:00:00Z",1483366.160115,1171608.191670,1211728.199587,1299571.960910,4573029.721887,4719237.791388,2613436.992872
"2014-09-29T08:00:00Z",1487216.935043,1179188.485720,1214068.850037,1301615.011399,4566944.531837,4745281.941396,2616619.952444
"2014-09-30T08:00:00Z",1511693.573145,1178742.235720,1229015.253027,1319386.503916,4666939.386661,4849182.068988,2673911.686348
"2014-10-01T08:00:00Z",1500341.609079,1174714.073820,1223868.058037,1313221.633234,4656736.614073,4838581.532784,2668076.353300
"2014-10-02T08:00:00Z",1493377.950315,1159476.132745,1214435.509147,1304716.832876,4572920.747643,4751494.056494,2633052.699824
"2014-10-03T08:00:00Z",1508617.860004,1160838.705950,1217129.859147,1309532.466709,4643978.047087,4825326.440602,2673961.298598
"2014-10-06T08:00:00Z",1514514.454702,1173863.264875,1215650.912661,1308892.330985,4683355.238283,4866242.454579,2696631.579590
"2014-10-07T08:00:00Z",1515188.334802,1169311.500000,1212885.189649,1303209.684556,4731009.538619,4915758.566100,2691740.854524
"2014-10-08T08:00:00Z",1504523.685837,1153359.588080,1203541.783163,1298050.141522,4690674.190940,4873837.960852,2661348.169722
"2014-10-09T08:00:00Z",1520094.430778,1172476.941055,1206499.680151,1302790.545093,4767922.161870,4957473.035441,2699763.534788
"2014-10-10T08:00:00Z",1505937.648506,1147457.161900,1181703.313054,1285941.527871,4582006.918773,4786903.146641,2624304.559688
"2014-10-13T08:00:00Z",1506745.325064,1135569.073205,1183604.865867,1283862.459173,4614989.390208,4787636.047746,2640972.879688
"2014-10-14T08:00:00Z",1503586.829086,1118587.750000,1184529.972219,1274430.964574,4497306.170412,4665548.309080,2526730.402198
"2014-10-15T08:00:00Z",1494019.307442,1116844.441055,1183253.572219,1255638.185541,4369268.455935,4532719.573687,2435390.902198
"2014-10-16T08:00:00Z",1491750.218217,1105997.529770,1184358.422219,1252238.354211,4328609.963855,4490538.771531,2404794.599008
"2014-10-17T08:00:00Z",1510754.977755,1111328.779155,1206115.472219,1269899.678207,4582833.385001,4754274.034965,2521639.466948
"2014-10-20T08:00:00Z",1520321.970750,1123651.205950,1195675.712219,1274806.718207,4770223.435001,4948674.604965,2624742.566948
"2014-10-21T08:00:00Z",1539915.870750,1137788.411900,1215216.102219,1280652.448207,4883055.375001,5065727.904965,2686821.166948
"2014-10-22T08:00:00Z",1517252.223480,1156774.882130,1203556.577673,1267762.722677,4962358.580917,5147992.415591,2730456.896230
"2014-10-23T08:00:00Z",1529089.539385,1150664.220825,1206579.671252,1273404.149926,5017140.460917,5192848.639103,2615152.896230
"2014-10-24T08:00:00Z",1540360.927347,1162903.338695,1223253.184358,1290017.890468,5095481.960917,5308278.959147,2636978.366230
"2014-10-27T08:00:00Z",1590516.014058,1169674.441670,1262573.687609,1331829.005657,5478466.470505,5554586.521719,2716432.837184
"2014-10-28T08:00:00Z",1579353.744788,1170370.617850,1261965.308816,1334753.081078,5543062.879960,5594052.123723,2777249.950753
"2014-10-29T08:00:00Z",1564455.114185,1181764.882130,1243308.447084,1321901.848735,5471345.560151,5583004.571755,2693871.701707
"2014-10-30T08:00:00Z",1559925.393242,1179503.852975,1241030.823421,1324223.739938,5432655.090772,5514613.356624,2715194.785276
"2014-10-31T08:00:00Z",1576166.393327,1192421.279770,1263757.718076,1339961.828172,5522101.212861,5619252.224543,2772899.144050
"2014-11-03T08:00:00Z",1575315.883746,1202542.235720,1260410.995919,1326458.966613,5723112.312861,5823800.624543,2930990.804050
"2014-11-04T08:00:00Z",1599018.569362,1201114.294030,1271686.714143,1326384.487945,5732903.690067,5855641.585541,2961853.424050
"2014-11-05T08:00:00Z",1621295.084386,1200804.882130,1282159.548600,1340166.483140,5841062.591849,5949232.523184,2981121.959896
"2014-11-06T08:00:00Z",1577144.509586,1205588.632745,1251023.851695,1302855.648628,5785507.660152,5899966.021748,3106630.759896
"2014-11-07T08:00:00Z",1598360.970229,1210961.500000,1260883.385510,1321982.340605,5946707.907230,6064349.589954,3264132.009896
"2014-11-10T08:00:00Z",1615268.688616,1210753.264875,1269344.312730,1332710.778972,6021425.756064,6155369.255345,3267499.982358
"2014-11-11T08:00:00Z",1588589.986140,1214436.279770,1253415.046750,1307111.436710,5727716.216536,5918672.301704,3278412.069903
"2014-11-12T08:00:00Z",1544418.060252,1214168.558925,1226924.219888,1282871.619688,5392392.586536,5653626.559712,3298908.869903
"2014-11-13T08:00:00Z",1543185.774384,1215037.235720,1233050.852201,1279908.520560,5310412.513314,5643193.784196,3310785.790643
"2014-11-14T08:00:00Z",1535077.297642,1215352.602975,1227665.375346,1261055.804021,5154763.055969,5575103.181173,3309812.863075
"2014-11-17T08:00:00Z",1538646.935056,1214489.882130,1231640.774751,1264139.674331,5221120.381314,5646863.704728,3305746.863075
"2014-11-18T08:00:00Z",1543778.536045,1216387.897025,1227482.020846,1264222.449526,5148663.431802,5597154.016800,3284809.064293
"2014-11-19T08:00:00Z",1564830.270859,1222147.456565,1235633.968810,1275902.857550,5196780.941802,5649458.416800,3302974.934293
"2014-11-20T08:00:00Z",1539867.666624,1218999.955950,1224415.204854,1261770.023042,5157032.323989,5609817.487183,3287798.631517
"2014-11-21T08:00:00Z",1545230.450225,1225895.985720,1231748.428213,1268151.146958,5210202.982473,5667659.985538,3364561.896031
"2014-11-24T08:00:00Z",1543869.111449,1230423.999385,1225775.784156,1261734.713750,5123140.960507,5572956.526728,3345652.661503
"2014-11-25T08:00:00Z",1547542.165144,1233446.500615,1229985.258119,1265784.001579,5156125.331968,5609088.503979,3351627.710758
"2014-11-26T08:00:00Z",1545682.712498,1231786.572590,1222702.366351,1262217.514649,5040906.481968,5483749.853979,3347578.460758
"2014-11-28T08:00:00Z",1546565.509210,1236201.426180,1226461.916394,1276886.950276,5031198.577476,5473191.610506,3307264.385548
"2014-12-01T08:00:00Z",1543564.013640,1230846.426180,1217323.164494,1267369.628240,4974941.536522,5411997.129132,3289806.755868
"2014-12-02T08:00:00Z",1532197.349147,1223700.470825,1204402.295969,1252395.110599,4883439.169286,5312459.816532,3207615.355868
"2014-12-03T08:00:00Z",1523647.381854,1231840.029770,1204905.331361,1249617.913897,4844764.685772,5270386.293586,3230825.083793
"2014-12-04T08:00:00Z",1525305.077429,1235523.045260,1201380.787673,1250060.639646,4868302.992992,5295994.558472,3264380.819467
"2014-12-05T08:00:00Z",1525933.106694,1235011.426180,1201756.379660,1251756.512989,4869781.542624,5297604.063136,3265368.235235
"2014-12-08T08:00:00Z",1523903.237393,1236237.161285,1204689.086767,1251666.893376,4849922.912624,5275996.213136,3252052.465235
"2014-12-09T08:00:00Z",1515355.395829,1225354.588080,1198761.925457,1247081.447877,4743811.565326,5172449.017883,3140601.669239
"2014-12-10T08:00:00Z",1523754.832275,1226729.072590,1203017.062223,1251154.782074,4817862.445326,5250003.335729,3203515.939492
"2014-12-11T08:00:00Z",1520335.080213,1208319.735105,1202028.991862,1249039.033993,4804184.206638,5235094.862541,3157575.499492
"2014-12-12T08:00:00Z",1514743.608362,1209771.500000,1200476.516979,1247847.521126,4761404.853407,5170627.504134,3106946.815111
"2014-12-15T08:00:00Z",1519528.004651,1194700.176180,1204169.977651,1251675.540854,4791568.741826,5203386.181243,3113685.238857
"2014-12-16T08:00:00Z",1505100.403819,1183799.735720,1198343.192223,1245564.836082,4133628.814682,4488898.382083,2325887.038857
"2014-12-17T08:00:00Z",1497932.068553,1176100.470825,1197042.732223,1241425.568420,3733588.414682,4054477.382083,2100801.838857
"2014-12-18T08:00:00Z",1507319.640386,1203000.397025,1197042.732223,1246113.260758,3876807.576024,4210007.881821,2194575.338857
"2014-12-19T08:00:00Z",1509980.203819,1228026.132130,1197000.732223,1247761.546082,3903451.778480,4238942.541051,2209652.237605
"2014-12-22T08:00:00Z",1497306.270386,1232928.926180,1188047.865102,1237035.510758,3737978.870976,4059244.541496,2018498.601073
"2014-12-23T08:00:00Z",1503378.539418,1240187.897025,1188888.734965,1236814.568956,3806644.697292,4081677.867969,2067386.115043
"2014-12-24T08:00:00Z",1498876.493865,1241241.058925,1185267.349070,1232828.266443,3775519.846670,4046965.802741,2055506.396785
"2014-12-26T08:00:00Z",1499618.271950,1241865.838080,1190069.626441,1233631.154550,3790213.612775,4062718.129934,2071766.792617
"2014-12-29T08:00:00Z",1503433.701072,1243847.089310,1200940.675943,1237650.143658,3819530.254220,4094143.820764,2053420.592617
"2014-12-30T08:00:00Z",1501346.616446,1244358.852975,1198380.861307,1235007.039236,3823984.220654,4098919.834786,2050701.806527
"2014-12-31T08:00:00Z",1507228.105722,1240562.822590,1195385.908980,1240483.437382,3893437.336240,4173368.528615,2048523.006829
